Number,Dn,Ur,Keyword,Kd,HeaderCount,ListsCount,InternalLinksSoup,ExternalLinksSoup,InternalLinksSEMrush,ExternalLinksSEMrush,BacklinksSEMrush,Total Images,Image Tags,Content-length,META-Title,META-Description,Creation Date
0,bouwmaat.nl,https://www.bouwmaat.nl/bouwmaterialen,bouwmaterialen,82.48,4.0,31.0,1426.0,10.0,43.0,77.0,6884.0,23,"['None', 'None', 'None', 'None', 'None', 'None', 'None', 'None', 'None', 'None', 'None', 'None', 'None', 'None', 'None', 'None', 'Bouwmaat.nl', 'None', 'ideal-logo', 'visa', 'v-pay', 'mastercard', 'Paypal-Logo']",753,"Bouwmaterialen kopen: Online of in de vestiging - Bouwmaat
",Bouwmaterialen kopen ✓ Online of in de vestiging ✓ Beste kwaliteit ✓ MEER=MINDER inkoopvoordeel ✓ Bezorgen op de klus ✓ Groot aanbod.,None
1,hornbach.nl,https://www.hornbach.nl/shop/Bouwmateriaal/S4471/artikeloverzicht.html,bouwmaterialen,82.48,10.0,17.0,217.0,7.0,42.0,79.0,633.0,21,"['Hornbach logo', 'Assortiment Binnenafbouw', 'Assortiment Isolatie', 'Assortiment Dakbedekking', 'Assortiment Ruwbouw', 'Assortiment Impregneren en repareren', 'Assortiment Gevelbekleding', '{{article.imageAlt}}', 'rating', 'None', 'Laagste prijsgarantie | HORNBACH ', 'Garantie bedenktijd ', 'Beste Bouwmarkt en Beste Webshop bouwmarkten! 2020 2021 ', 'Keurmerk thuiswinkel ', 'Keurmerk trustedshops ', 'apps appstore ', 'app playstore ', 'facebook ', 'instagram ', 'youtube ', 'twitter ']",367,Bouwmaterialen kopen? .HORNBACH. Laagste prijs,Bekijk ons assortiment Bouwmateriaal  in onze Onlineshop . Eenvoudig online bestellen . Thuisbezorgd . Laagste prijsgarantie . 30 dagen Bedenktijd. Alle Bouwmateriaal  online!,None
2,bouwbestel.nl,https://www.bouwbestel.nl/bouwmaterialen.html,bouwmaterialen,82.48,2.0,7.0,2595.0,14.0,128.0,19.0,12.0,57,"['Uniebouw', 'None', 'None', 'None', 'None', 'None', 'None', 'None', 'None', 'None', 'None', 'None', 'None', 'None', 'None', 'None', 'None', 'None', 'None', 'None', 'None', 'None', 'None', 'None', 'None', 'None', 'None', 'None', 'None', 'None', 'None', 'None', 'None', 'None', 'None', 'None', 'None', 'None', 'None', 'None', 'None', 'None', 'None', 'None', 'None', 'None', 'None', 'None', 'None', 'None', 'None', 'None', 'Veilig Betalen', 'Webshop Keurmerk', 'Webshop Keurmerk', 'Webshop Keurmerk', 'Webshop Keurmerk']",252,Bouwmaterialen Online - Bouwbestel - Bouwmateriaal Online Kopen,"Op zoek naar bouwmaterialen? Bij Bouwbestel bent u aan het ✅ juiste adres voor o.a. bouwmaterialen, bouwmaterialen online, bouwmaterialen kopen.",None
3,online-bouwmaterialen.nl,https://www.online-bouwmaterialen.nl/,bouwmaterialen,82.48,3.0,31.0,138.0,10.0,2.0,2.0,36.0,52,"['Online Bouwmaterialen, bestel bouwmaterialen online, beste kwaliteit bouwmaterialen, snel geleverd. Bouwmaterialen Online bestellen!', 'Hout & Plaatmateriaal kopen', 'Stenen kopen', 'Grind & Zand kopen', 'VBI Vloer kopen', 'Isolatiemateriaal kopen', 'Cement & Beton kopen', 'Bouwstaal kopen', 'Gipsplaten kopen', 'Stucadoorsmaterialen kopen', 'Tegels en lijmen kopen', 'Lateien kopen', 'Dakramen & Solatubes kopen', 'Dakmaterialen kopen', 'Kozijnen & Deuren kopen', 'Bouwfolies kopen', 'Verf, Pur, Lijm & Kit kopen', 'Bevestiging kopen', 'Gereedschap & Installatie kopen', 'Gevel kopen', 'Tuin kopen', 'Afvalcontainers kopen', 'Kleding & PBM kopen', 'Hectar vloer kopen', 'Brandwerende materialen kopen', 'Hout & Plaatmateriaal kopen', 'Stenen kopen', 'Grind & Zand kopen', 'VBI Vloer kopen', 'Isolatiemateriaal kopen', 'Cement & Beton kopen', 'Bouwstaal kopen', 'Gipsplaten kopen', 'Stucadoorsmaterialen kopen', 'Tegels en lijmen kopen', 'Lateien kopen', 'Dakramen & Solatubes kopen', 'Dakmaterialen kopen', 'Kozijnen & Deuren kopen', 'Bouwfolies kopen', 'Verf, Pur, Lijm & Kit kopen', 'Bevestiging kopen', 'Gereedschap & Installatie kopen', 'Gevel kopen', 'Tuin kopen', 'Afvalcontainers kopen', 'Kleding & PBM kopen', 'Hectar vloer kopen', 'Brandwerende materialen kopen', 'Bekijk de reviews van Online Bouwmaterialen', 'Online Bouwmaterialen heeft het WebwinkelKeur Keurmerk', 'Veilig betalen bij Online Bouwmaterialen']",1782,Bouwmaterialen Online kopen? | Online Bouwmaterialen,Bij Online Bouwmaterialen koopt u de beste kwaliteit bouwmaterialen ✅ Scherp geprijsd ✅ Snel geleverd ✅ Professioneel advies ✅ Ruim assortiment ✅,None
4,bmn.nl,https://www.bmn.nl/,bouwmaterialen,82.48,3.0,12.0,563.0,5.0,150.0,178.0,12.0,46,"['BMN Bouwmaterialen', 'BMN Bouwmaterialen', 'Logo Mosa', 'Logo Procasa', 'Logo Floorgres', 'Logo Sphinx', 'Containerservice', 'Containerservice', 'Containerservice', 'Containerservice', 'Containerservice', 'Containerservice', 'Containerservice', 'Containerservice', 'Containerservice', 'Containerservice', 'Containerservice', 'Containerservice', 'Vestigingen BMN', 'Inloggen / registreren', 'Vacatures bij BMN', 'Vacatures bij BMN', 'Vacatures bij BMN', 'Vacatures bij BMN', 'Vacatures bij BMN', 'Vacatures bij BMN', 'Vacatures bij BMN', 'Vacatures bij BMN', 'Vacatures bij BMN', 'Vacatures bij BMN', 'Vacatures bij BMN', 'Vacatures bij BMN', 'Vacatures bij BMN', 'Vacatures bij BMN', 'Vacatures bij BMN', 'Vacatures bij BMN', 'Vacatures bij BMN', 'Vacatures bij BMN', 'Vacatures bij BMN', 'Vacatures bij BMN', 'Vacatures bij BMN', 'Vacatures bij BMN', 'Vacatures bij BMN', 'Vacatures bij BMN', 'Vacatures bij BMN', 'None']",175,BMN Bouwmaterialen groothandel - BMN Bouwmaterialen,"BMN (Bouwmaterialen Nederland) is de bouwmaterialen groothandel en leverancier met de beste service, de juiste voorraad, flexibele logistiek, vakkundig personeel en uitgebreide webshop.",None
5,bouwonline.com,https://www.bouwonline.com/,bouwmaterialen,82.48,7.0,7.0,1029.0,3.0,42.0,79.0,7.0,37,"['BouwOnline.com', 'BouwOnline.com', 'None', 'Empty cart', 'Werkbladen', 'Combinatievloeren', 'Okoume multiplex deurplaat 40 mm blank (overige maten)', 'Populieren gegrond 18 mm 250 x 122cm', 'Wapeningskorf prefab open & gesloten kop 10 mm (betonmaat 350 x 500 x 3000mm)', 'OSB 3 18 mm 244 x 122cm - mes & groef langszijden', 'Medite® MDF vochtwerend 18 mm 244 x 122cm', 'Medite® Tricoya® MDF 18 mm 244 x 122cm', 'Reginox spoelbak Ohio Midnight Sky 50x40 R25970', 'Agnes® wandplaten wit stuc 2600 x 600 x 12 mm (2 stuks)', 'Agnes® wandplaten wit stuc 2600 x 600 x 12 mm (2 stuks)', 'Placeholder', 'Medite® Tricoya® MDF 18 mm 244 x 122cm', 'Reginox spoelbak Ohio Midnight Sky 50x40 R25970', 'Agnes® wandplaten wit stuc 2600 x 600 x 12 mm (2 stuks)', 'Agnes® wandplaten wit stuc 2600 x 600 x 12 mm (2 stuks)', 'None', 'Placeholder', 'Medite® Tricoya® MDF 18 mm 244 x 122cm', 'Reginox spoelbak Ohio Midnight Sky 50x40 R25970', 'Agnes® wandplaten wit stuc 2600 x 600 x 12 mm (2 stuks)', 'Gevelbekleding', 'Deuren & Kozijnen', 'Afvalcontainers', 'Dakmaterialen', 'Houten Werkbladen', 'Bouwfolies', 'Combinatievloeren', 'BouwOnline.com', 'ideal', 'mistercash', 'banktransfer', 'directebanking']",1651,Bouwmaterialen online voor klussers en bouwers - BouwOnline.com,"Dé grootste online bouwmaterialen shop voor hout, gevelbekleding, afvalcontainers en alle grote merken. Vandaag besteld is morgen in huis. ",None
6,bouwmaterialenkopen.com,https://www.bouwmaterialenkopen.com/,bouwmaterialen,82.48,8.0,3.0,138.0,9.0,32.0,294.0,130.0,58,"['None', 'logo', 'help nodig', 'Laagste prijsgarantie', 'Kiyoh Rating', 'Thuiswinkel Waarborg', 'Thuiswinkel Waarborg', 'Thuiswinkel Waarborg', 'Thuiswinkel Waarborg', 'Thuiswinkel Waarborg', 'Betonblokken', 'Betonblokken', 'Betonblokken', 'Betonblokken', 'Betonblokken', 'Betonblokken', 'Betonblokken', 'Kalkzandsteen', 'Kalkzandsteen', 'Kalkzandsteen', 'Kalkzandsteen', 'Kalkzandsteen', 'Kalkzandsteen', 'Kalkzandsteen', 'Metselstenen', 'Metselstenen', 'Metselstenen', 'Metselstenen', 'Metselstenen', 'Metselstenen', 'Hout/Plaat', 'AfterPay NL B2B Digital Invoice', 'iDEAL', 'MasterCard', 'Visa', 'Bank transfer', 'Bancontact', 'Thuiswinkel Waarborg', 'Zwembad Bouwen', 'Garage Bouwen', 'Binnenmuur Maken', 'Buitenmuur Maken', 'Tuinmuur Maken', 'Ga voor de beste prijs-kwaliteit verhouding en kies voor betonblokken uit de acties en partij aanbiedingen.', 'Alle acties en aanbiedingen zijn tijdelijk. Dat betekent dat wij van deze metselstenen alleen beperkte partijen hebben (op is op) of dat wij alleen een tijdelijke korting kunnen bieden.', 'Ga voor de beste prijs-kwaliteit verhouding en kies voor kalkzandsteen uit acties en partij aanbiedingen.', 'Gasbetonblokken, oftewel cellenbetonblokken, vindt u hier in allerlei afmetingen. Ze zijn licht, krachtig, veilig en eenvoudig te verwerken. ', 'Betonblokken 30x10x20cm (2e keus)', 'Kalkzandsteen lijmblok 43,7x10x19,8cm', 'Waalformaat Massief Vuilwerk metselstenen', 'Betonblokken 29x20x19cm', 'Cellenbetonblokken 60x10x40cm', 'Kalkzandsteen metselsteen Maasformaat 21,4x10,2x8,2cm', 'Kalkzandsteen metselsteen Maasformaat 21,4x10,2x8,2cm', 'Laagste prijsgarantie', 'Kiyoh Rating', 'Thuiswinkel Waarborg', 'logo']",445,Brok Bouwmaterialen | Voor al uw bouwmaterialen | Sinds 1944 - Brok Bouwmaterialen,De Goedkoopste Bouwmaterialen Koop Je Online! ✅ De Laagste Prijsgarantie! ✅ Binnen 7 werkdagen geleverd ✅ Achteraf betalen ✅ Thuiswinkel Waarborg ✅ Brok Bouwmaterialen,None
7,pontmeyer.nl,https://www.pontmeyer.nl/,bouwmaterialen,82.48,4.0,1.0,613.0,5.0,53.0,23.0,30.0,28,"['PontMeyer', 'PontMeyer', 'PONT2105_Webads_Bouwkrant_mei_320x300px_DEF9.jpg', 'Duraprime.png', 'Duraprime 90mu wit gegrond', 'Multimaster.png', 'Fein multimaster MM700', 'inkoopkaart-pontmeyer.png', 'vuren c geschaafd 50x75x3600', 'underlayment 18mm topfloor vuren tong en groef 2440x1220x18', 'duraprime 90mu wit gegrond 15 jaar garantie 2500x1220x18', 'None', 'elektrische vloer en wandverwarming set met wifi  4,8m2', 'None', 'None', 'None', 'None', 'None', 'None', 'None', 'None', 'icon next day delivery', 'icon location', 'icon drive in', 'icon free delivery', 'AlexanderOnzeAmbassadeurs (3).png', 'Registreer uw PontBonus kaart', 'Ideal']",430,PontMeyer | Beter bouwen met - PontMeyer ,Iedereen bouwt beter met Pontmeyer dankzij uitgebreid assortiment en professioneel advies,None
8,huisman.nl,https://www.huisman.nl/bouwmaterialen/,bouwmaterialen,82.48,1.0,7.0,440.0,5.0,0.0,0.0,6.0,7,"['Huisman.nl', 'None', 'None', 'None', 'None', 'None', 'Betaalmethodes']",150,NaN,NaN,None
9,bol.com,https://www.bol.com/nl/m/bouwmaterialen/,bouwmaterialen,82.48,0.0,0.0,0.0,0.0,13.0,117.0,27150.0,0,[],1832,NaN,NaN,None
10,sleiderink.nl,https://www.sleiderink.nl/bouwmaterialen,bouwmaterialen,82.48,6.0,47.0,369.0,3.0,43.0,49.0,2.0,14,"['Sleiderink logo', 'Sakrete Betonmortel', 'Sakrete Metselmortel met kalk', 'Sakrete Metselmortel zonder kalk', 'Sakrete Zandcement Mortel', 'Sakrete Snelbetonmortel (snelbeton)', 'Sakrete Blokkenlijm Zomer', 'Sakrete Egalisatiemortel EM30', 'Knauf Rotband', 'Knauf MP 75 Engis', 'Knauf Fix & Finish', 'Faay Spaanplaat Veer 1000 mm', 'Faay Stellat', 'Bouwmaterialen']",666,Bouwmaterialen | Sleiderink.nl | Altijd Scherp!,"Zoek je Bouwmaterialen? Goed Advies, Scherpe Prijzen en Snelle Levering! Sleiderink is de nummer 1 in (online) Bouwmaterialen. Bestel nu in de Webshop!",None
11,houtenbouwmaterialen.nl,https://www.houtenbouwmaterialen.nl/bouwmaterialen,bouwmaterialen,82.48,6.0,7.0,298.0,13.0,12.0,89.0,2.0,0,NaN,597,Bouwmaterialen online bestellen | Houtenbouwmaterialen.nl  | Hout en Bouwmaterialen,NaN,None
12,debouwmarktshop.nl,https://www.debouwmarktshop.nl/,bouwmaterialen,82.48,3.0,9.0,348.0,16.0,42.0,79.0,3.0,0,NaN,504,NaN,NaN,None
13,stmiddelkoop.nl,https://www.stmiddelkoop.nl/bouwmaterialen/,bouwmaterialen,82.48,3.0,14.0,783.0,16.0,67.0,56.0,343.0,0,NaN,347,St. Middelkoop - Bouwmaterialen en bouwproducten,Bouwmaterialen hebben we ruimschoots op voorraad. Bouwen begint bij Middelkoop. En het beste bouwadvies gaat gepaard met de beste producten voor jouw klus!,None
14,karwei.nl,https://www.karwei.nl/assortiment/k/bouwmaterialen,bouwmaterialen,82.48,5.0,52.0,88.0,10.0,43.0,71.0,10096.0,9,"['None', 'None', 'footer KARWEI', 'None', 'Logo Thuiswinkel waarborg', 'None', 'None', 'None', 'None']",359,KARWEI | Bouwmaterialen kopen?,"Wil je bouwmaterialen kopen om je tuin te verbouwen, je huis te isoleren of je muren te stucen? Vind alle benodigde bouwmaterialen online bij KARWEI!",None
15,raabkarcher.nl,https://www.raabkarcher.nl/bouwmaterialen,bouwmaterialen,82.48,3.0,15.0,24.0,6.0,59.0,59.0,875.0,1,['Raab Karcher | Hoeksteen van de bouw'],169,Bouwmaterialen van Raab Karcher,"Bouwmaterialen van Raab Karcher | 60.000 bouwmaterialen in ons assortiment | 37 vestigingen door heel Nederland of voor 15.00u besteld, morgen bezorgd",None
16,gamma.nl,https://www.gamma.nl/assortiment/k/bouwmaterialen,bouwmaterialen,82.48,5.0,38.0,70.0,10.0,43.0,71.0,747.0,9,"['None', 'None', 'footer GAMMA', 'Logo Thuiswinkel waarborg', 'facebook', 'instagram', 'Pinterest', 'twitter', 'Youtube']",497,GAMMA | Bouwmaterialen kopen? Van dakgoten tot gipsplaten,Bouwmaterialen nodig? Bij GAMMA vindt u alles wat u nodig heeft voor uw (ver)bouwklus. Bekijk het assortiment in de bouwmarkt of online.,None
17,bouwmaterialen-nederland.nl,http://www.bouwmaterialen-nederland.nl/,bouwmaterialen,82.48,6.0,11.0,64.0,1.0,24.0,2.0,3.0,13,"['actie', 'contact bouwmaterialen nederland', 'None', 'None', 'None', 'None', 'leverdagen bouwmaterialen nederland', 'None', 'None', 'None', 'None', 'None', 'None']",693,"Bouwmaterialen Nederland | bouwmaterialen, keralit, keraliet tegen een scherpe bouwmaterialen prijzen!","Bouwmaterialen tegen scherpe bouwmaterialen prijzen! Webshop bouwmaterialen-nederland.nl koopt direct in bij de fabriek, uw en ons voordeel! Kijk op de webshop voor al onze artikelen!",None
18,verdouw.nu,https://www.verdouw.nu/,bouwmaterialen,82.48,1.0,10.0,158.0,6.0,27.0,218.0,3.0,9,"['None', 'None', 'None', 'None', 'None', 'None', 'None', 'None', 'None']",62,Bouwmaterialen - Morgen brengen | Totaalleverancier voor de bouw,,None
19,wikipedia.org,https://nl.wikipedia.org/wiki/Bouwmateriaal,bouwmaterialen,82.48,6.0,20.0,162.0,70.0,138.0,105.0,15216714.0,0,NaN,1381,Bouwmateriaal - Wikipedia,,None
20,praxis.nl,https://www.praxis.nl/bouwmaterialen/b1/,bouwmaterialen,82.48,4.0,17.0,518.0,14.0,43.0,71.0,4246.0,32,"['None', 'None', 'CanDo ruwe lat voordeelpak vurenhout 22x48mm 270cm 8 stuks', 'CanDo ruwe lat voordeelpak vurenhout 22x48mm 210cm 8 stuks', 'CanDo schaaflat voordeelpak vurenhout 44x69mm 270cm 3 stuks', 'Weberbeamix Metselmortel ECO Actie 23kg', 'Weber Zandcement super sterk eco Actie 23kg', 'Schaaflat vuren 12x117mm 270cm', 'Schaaflat vuren 27x55mm 210cm', 'Schaaflat vuren 27x55mm 270cm', 'Schaaflat vuren 27x35mm 210cm', 'OSB paneel 18mm 244x59cm', 'CanDo schaaflat voordeelpak vurenhout 44x69mm 300cm 3 stuks', 'Schaaflat vuren 27x27mm 210cm', 'Schaaflat vuren 27x140mm 270cm', 'Multiplex underlayment T&G 122x244cm 18mm', 'Hardhouten multiplex 61x122cm 3,6mm', 'Hardhouten multiplex 122x244cm 3,6mm', 'Hardhouten multiplex 122x244cm 18mm', 'Hardhouten multiplex 61x122cm 12mm', 'Hardboard wit 3 mm 122 x 244cm', 'Hardhouten multiplex 61x122cm 9mm', 'CanDo ruwe lat voordeelpak vurenhout 22x31mm 210cm 12 stuks', 'Hardhouten multiplex 61x122cm 18mm', 'CanDo ruwe lat voordeelpak vurenhout 22x31mm 270cm 12 stuks', 'CanDo ruwe lat voordeelpak vurenhout 46x46mm 270cm 4 stuks', 'Ontdek het op Google Play', 'None', 'None', 'None', 'None', 'None']",450,Bouwmaterialen voor iedere bouwklus | Praxis ,"Bouwmaterialen voor dakbedekking, isolatie of een andere klus nodig? Bekijk en reserveer bouwmaterialen zoals hout en steigers direct op Praxis.nl. ",None
21,bouwhof.nl,https://www.bouwhof.nl/bouw/bouwmaterialen/,bouwmaterialen,82.48,2.0,33.0,59.0,6.0,,,51.0,5,"['Bouwhof', 'Bouwhof.nl', 'Bouwhof: Twitter', 'Bouwhof: Facebook', 'Bouwhof: Youtube']",300,Bouwmaterialen - Bouwhof Zoetermeer Bouwmaterialen,"Bouwhof verkoopt bouwmaterialen o.a. cement, beton dakbedekking golfplaten isolatie bouwlijmen in merken als Knauf Weber saint-Gobain Beamix Schönox",None
22,bakkerdehouthandel.nl,https://www.bakkerdehouthandel.nl/blog/bouwmaterialen/,bouwmaterialen,82.48,1.0,8.0,117.0,0.0,,,11.0,4,"['None', 'Bakker dé Houthandel', 'bouwmaterialen', 'webshop']",32,NaN,NaN,None
23,nelemans.nl,https://www.nelemans.nl/bouwcenter/bouwmaterialen/,bouwmaterialen,82.48,3.0,8.0,134.0,52.0,,,16.0,55,"['None', 'None', 'Bouwmarkt Roosendaal - Bouwcenter Nelemans', 'None', 'None', 'None', 'None', 'None', 'None', 'None', 'None', 'None', 'None', 'None', 'None', 'None', 'None', 'None', 'None', 'None', 'None', 'None', 'None', 'None', 'None', 'None', 'None', 'None', 'None', 'None', 'None', 'None', 'None', 'None', 'None', 'None', 'None', 'None', 'None', 'None', 'None', 'None', 'None', 'None', 'None', 'None', 'None', 'None', 'None', 'None', 'None', 'None', 'None', 'None', 'None']",453,Bouwmaterialen kopen? Ruim 15.000 op Voorraad | Bouwcenter Nelemans,"Bouwmaterialen voor je project. Scherpe prijzen. Professionele kwaliteit. Voor zakelijk & particulier. (Online)bestellen, bezorgen & afhalen.",None
24,oke-bouwmaterialen.nl,https://www.oke-bouwmaterialen.nl/,bouwmaterialen,82.48,6.0,7.0,598.0,11.0,30.0,4.0,14.0,54,"['OKe-Bouwmaterialen.nl', 'OKe-Bouwmaterialen.nl', 'Empty cart', 'Qshops Keurmerk', 'Qshops Keurmerk', 'Qshops Keurmerk', 'Tempex EPS100 1000x1000x50 mm', 'Gipsplaat AK 2600x600x12,5 mm waterwerend groen', 'MDF plaat 2440x1220x18 mm', 'OSB-3 plaat 2440x1220x18 mm tong en groef', 'Gipsplaat AK standaard 3600x1200x12,5 mm', 'Rockwool 210 1200x600x100 mm Bouwplaat isolatie', 'Vurenhout geschaafd 50x75x4800 mm', 'Hardhout multiplex plaat 2440x1220x18 mm', 'Rockwool 123 5000x600x100 mm Spijkerflensdeken', 'OSB-3 2440x610x18 mm 4-zijdig tong en groef', 'Gipsplaten RK standaard 2600x600x9,5 mm', 'Klantenservice', 'Rockwool 210 1200x600x100 mm Bouwplaat isolatie', 'Vurenhout geschaafd 50x75x4800 mm', 'Hardhout multiplex plaat 2440x1220x18 mm', 'Rockwool 123 5000x600x100 mm Spijkerflensdeken', 'OSB-3 2440x610x18 mm 4-zijdig tong en groef', 'Klantenservice', 'Rockwool 210 1200x600x100 mm Bouwplaat isolatie', 'Vurenhout geschaafd 50x75x4800 mm', 'Hardhout multiplex plaat 2440x1220x18 mm', 'Rockwool 123 5000x600x100 mm Spijkerflensdeken', 'OSB-3 2440x610x18 mm 4-zijdig tong en groef', 'Vialit Oecophalt Asfalt Reparatie Reactive 0/4', 'Vialit Primer voor Asfalt Reparatie Reactive 0/4', 'Vialit Refug Asfalt Reparatie koude voegvuller 285 ml', 'Vurenhout geschaafd kopmaat 100x200 mm', 'Vurenhout geschaafd kopmaat 75x250 mm', 'Vurenhout geschaafd kopmaat 75x200 mm', 'Vurenhout geschaafd kopmaat 75x225 mm', 'Vurenhout geschaafd kopmaat 75x175 mm', 'Vurenhout geschaafd kopmaat 63x160 mm', 'Vurenhout geschaafd kopmaat 63x175 mm', 'Hout', 'Plaat', 'Isolatie', 'Gipsplaten', 'VBI PS Renovatievloer', 'VBI PS Renovatievloer', 'OKe-Bouwmaterialen.nl Bouwmaterialen Online', 'banktransfer', 'paypal', 'mastercard', 'visa', 'americanexpress', 'ideal', 'Qshops Keurmerk', 'Qshops Keurmerk']",1586,Bouwmaterialen online bestellen - OKe-Bouwmaterialen.nl,Bouwmaterialen online bestellen bij OKe-Bouwmaterialen.nl voor al uw bouwmaterialen. Wij leveren bouwmaterialen aan bedrijven en particulieren.,None
25,gebruiktebouwmaterialen.com,https://gebruiktebouwmaterialen.com/,bouwmaterialen,82.48,8.0,7.0,197.0,7.0,117.0,77.0,208.0,47,"['None', 'None', 'None', 'None', 'None', 'None', 'None', 'None', 'None', 'None', 'None', 'None', 'None', 'None', 'None', 'None', 'None', 'None', 'None', 'None', 'None', 'None', 'None', 'None', 'None', 'None', 'None', 'None', 'None', 'None', 'None', 'None', 'None', 'None', 'None', 'None', 'None', 'None', 'None', 'None', 'None', 'None', 'None', 'None', 'None', 'None', 'None']",57,Gebruiktebouwmaterialen.com | Circulaire Bouwmarkt,NaN,None
26,bouwcenter.nl,https://www.bouwcenter.nl/driessen/bouwmaterialen/,bouwmaterialen,82.48,5.0,5.0,51.0,10.0,,,14.0,8,"['None', 'None', 'None', 'None', 'None', 'None', 'None', 'None']",302,Bouwmaterialen | Bouwcenter,,None
27,hout-en-bouwmaterialen.nl,http://www.hout-en-bouwmaterialen.nl/,bouwmaterialen,82.48,2.0,7.0,109.0,1.0,0.0,0.0,4.0,2,"['None', 'Uw leverancier voor hout en bouwmaterialen voor nieuwbouw, verbouwing en renovatie: BPG Boxtel']",395,"Bouwmaterialen | Hout & bouwmaterialen voor nieuwbouw, verbouwing en renovatie - BPG BouwPartner Groep","Hout & bouwmaterialen voor particulier en professional in de bouw. Bouwmaterialen voor nieuwbouw, verbouwing en renovatie. Levering in geheel Nederland. BPG Boxtel",None
28,witzand.nl,https://www.witzand.nl/assortiment/bouwmaterialen/,bouwmaterialen,82.48,5.0,2.0,109.0,19.0,13.0,95.0,15.0,19,"['logo', 'image', 'image', 'image', 'None', 'None', 'None', 'None', 'None', 'None', 'None', 'None', 'None', 'None', 'None', 'None', 'None', 'img', 'youtube icon']",543,NaN,NaN,None
29,coppushorst.nl,https://coppushorst.nl/bouwmaterialen/,bouwmaterialen,82.48,4.0,5.0,106.0,1.0,,,8.0,10,"['Coppus Bouwmaterialen Horst', 'Coppus Bouwmaterialen Horst', 'Coppus Bouwmaterialen Horst', 'blank', 'Botament A 220', 'Botament G 110', 'Botament G 120', 'Botament G 140', 'Glazen bouwsteen', 'Verdiepingsvloeren']",55,Bouwmaterialen Archieven - Coppus Bouwmaterialen Horst,,None
30,3mnederland.nl,https://www.3mnederland.nl/3M/nl_NL/p/c/bouwmaterialen/,bouwmaterialen,82.48,,,,,,,4.0,0,NaN,55,NaN,NaN,None
31,crijnsbouwmaterialen.nl,https://www.crijnsbouwmaterialen.nl/nl/bouwmaterialen-kopen,bouwmaterialen,82.48,,15.0,28.0,3.0,,,1.0,0,NaN,417,Bouwmaterialen kopen | Crijns Bouwmaterialen B.V.,"Wij verkopen bouwmaterialen in de vorm van balken, tegels voor binnenruimtes, tegels voor buiten, isolatiematerialen, stenen, zand en staal.",None
32,kombibouwmaterialen.nl,https://www.kombibouwmaterialen.nl/producten/bouwmaterialen/,bouwmaterialen,82.48,2.0,7.0,91.0,8.0,,,2.0,19,"['KOMBI Bouwmaterialen', 'KOMBI Bouwmaterialen', 'None', 'kombi-08-02-2018-WEB-92', 'kombi-08-02-2018-WEB-93', 'kombi-08-02-2018-WEB-95', 'kombi-08-02-2018-WEB-98', 'kombi-08-02-2018-WEB-104', 'kombi-08-02-2018-WEB-12', 'kombi-08-02-2018-WEB-113', 'kombi-08-02-2018-WEB-111', 'kombi-08-02-2018-WEB-97', 'kombi-08-02-2018-WEB-112', 'kombi-08-02-2018-WEB-103', 'kombi-08-02-2018-WEB-110', 'kombi-08-02-2018-WEB-50', 'kombi-08-02-2018-WEB-32', 'kombibouwmaterialen-thumbnail-bouwmaterialen', 'None']",252,Bouwmaterialen - KOMBI Bouwmaterialen,Op deze pagina hebben wij een overzicht gemaakt van de bouwmaterialen die wij verkopen. Heb je vragen? Neem gerust contact op!,None
33,vlaandergroep.nl,https://www.vlaandergroep.nl/bouwmaterialen/,bouwmaterialen,82.48,4.0,11.0,47.0,12.0,43.0,95.0,,11,"['Vlaandergroep logo', '600_bouwmaterialen.png', '100_icons_0007_vector_smart_object.png', '100_icons_0006_vector_smart_object.png', '100_icons_0004_vector_smart_object.png', '100_icons_0003_vector_smart_object.png', 'None', 'None', 'None', 'None', 'Vlaander Groep']",377,Welkom > Bouwmaterialen - Vlaander Groep,,None
34,eco-bouwmaterialen.nl,https://www.eco-bouwmaterialen.nl/,bouwmaterialen,82.48,5.0,7.0,369.0,9.0,11.0,196.0,2.0,17,"['eco-bouwmaterialen', 'eco-bouwmaterialen', 'eco-bouwmaterialen', 'eco-bouwmaterialen', 'eco-bouwmaterialen', 'eco-bouwmaterialen', 'eco-bouwmaterialen', 'eco-bouwmaterialen', 'eco-bouwmaterialen', 'eco-bouwmaterialen', 'eco-bouwmaterialen', 'eco-bouwmaterialen', 'eco-bouwmaterialen', 'eco-bouwmaterialen', 'eco-bouwmaterialen', 'eco-bouwmaterialen', 'eco-bouwmaterialen']",428,Natuurlijk & duurzaam bouwen | Eco-bouwmaterialen,Op zoek naar producten voor je verbouwing of nieuw project? Eco-bouwmaterialen biedt een ruim aanbod aan duurzame materialen aan. Kijk snel verder.,None
35,breukers.nl,https://www.breukers.nl/bouwmaterialen,bouwmaterialen,82.48,2.0,9.0,229.0,3.0,9.0,79.0,2.0,19,"['NL', 'DE', 'DE', 'Breukers Bouwmaterialen B.V.', 'Breukers Bouwmaterialen B.V.', 'NL', 'DE', 'DE', 'Arrow right round', 'Bouwmaterialen', 'Dorpels', 'Dorpels', 'Dorpels', 'Dorpels', 'Dorpels', 'Dorpels', 'Dorpels', 'Dorpels', 'Breukers Bouwmaterialen B.V.']",53,Bouwmaterialen | Breukers Bouwmaterialen B.V.,"Wij bieden een groot assortiment aan bouwmaterialen, hout- en plaatmateriaal, sierbestrating, tuinhout, zand & grind, en infra-producten aan voor de particulier, aannemers, hoveniers, loonbedrijven, grondverzetbedrijven, wegenbouwbedrijven, stratenmakers en overheidsinstanties.",None
36,groenebouwmaterialen.nl,https://www.groenebouwmaterialen.nl/,bouwmaterialen,82.48,5.0,12.0,486.0,6.0,17.0,3.0,6.0,59,"['GroeneBouwmaterialen.nl | Ecologische bouwmaterialen', 'GroeneBouwmaterialen.nl | Ecologische bouwmaterialen', 'GroeneBouwmaterialen.nl | Ecologische bouwmaterialen', 'None', 'None', 'None', 'None', 'None', 'None', 'None', 'None', 'None', 'None', 'None', 'None', 'Unilit Riva', 'Horsemen Horsemen Wood Care Onzichtbare Wasolie', 'Pro Clima Solitex Fronta Quattro FB', 'Elka ESB Plus constructieplaat, pallet', 'Isolena  Premium schapenwolisolatie, rol', 'Gutex Thermoflex, pak', 'Tierrafino Base S2, zonder stro, bruin leem, Aardvochtig', 'Agepan DWD Protect constructieplaat', 'Metisse Katoen isolatie PM, pak', 'Allbäck  Lijnolieverf Kleur', 'Riva', 'Gutex Thermoflex, pak', 'Isolena  Optimal schapenwolisolatie, rol', 'Gutex Thermoflex, pallet', 'Isolena  Premium schapenwolisolatie, rol', 'Thermo Natur Hennep Premium', 'Thermo Natur Hennep Premium - Pallet', 'Unilit Cortex', 'Horsemen Deck Care', 'Horsemen Stone Betonprotectie', 'Isolatie', 'Luchtdichting', 'Hout & Plaat', 'Stuc', 'Leem', 'Vuurvaste materialen', 'Berg  & Berg Parket', 'Uitverkoop', 'Stucsystemen', 'Natuurverf', 'Verwarming', 'Allbäck ', 'Auro', 'Gutex', 'Isolena ', 'Kerakoll', 'Kreidezeit', 'Metisse', 'Pro Clima', 'Tierrafino', 'WEM ', 'Vacature: Inhoudsbeheerder, website beheerder', 'Vacature: bureauchef, coördinator, organisator, ', 'Vacature: adviseur/verkoper binnendienst']",533,Groenebouwmaterialen - uw bio bouwmarkt - Groene Bouwmaterialen,Een complete bio- bouwmarkt. Wij zijn gespecialiseerd in ecologische en bio based bouwmaterialen. Bijna al onze producten zijn binnen enkele werkdagen leverbaar.,None
37,bouwmaterialenzeeland.nl,https://www.bouwmaterialenzeeland.nl/,bouwmaterialen,82.48,1.0,0.0,0.0,0.0,43.0,109.0,155.0,0,[],9,Uw online bouwmarkt voor elke klus - BPG De Jonge - Bouwmaterialen Zeeland,"Bestel u bouwmaterialen direct in onze webshop, snel en voordelig geleverd in Zeeland",None
38,flexbouwmateriaal.nl,https://www.flexbouwmateriaal.nl/,bouwmaterialen,82.48,2.0,7.0,394.0,10.0,19.0,3.0,,67,"['Flex Bouwmaterialen ', 'Flex Bouwmaterialen ', 'None', 'None', 'None', 'None', 'None', 'None', 'None', 'None', 'None', 'None', 'None', 'None', 'None', 'None', 'None', 'None', 'None', 'None', 'None', 'None', 'None', 'None', 'None', 'None', 'None', 'None', 'None', 'None', 'None', 'None', 'Copa Verticale radiator T20 Vlakke Voorzijde ', 'Paneelradiator T22 H600 ', 'Paneelradiator T22 H400 ', 'Verticale radiator aansluitset ', 'Paneelradiator T22 H500 ', 'Copa Verticale radiator T20 Gestreepte Voorzijde ', 'Paneelradiator T21 H600 ', 'Paneelradiator T22 H900 ', 'Paneelradiator T33 H400 ', 'Paneelradiator T21 H500 ', 'Paneelradiator T22 H300 ', ""Riko thermostatische radiatorventiel 1/2''x15mm haaks "", 'Knauf MP75 ', 'FLX+ MULTIFIX 110 FLEXIBELE TEGELLIJM C2T GRIJS 25KG ', 'T22 met 6 Aansluitingen H900 ', 'T22 met 6 Aansluitingen H700 ', 'T22 met 6 Aansluitingen H600 ', 'T22 met 6 Aansluitingen H500 ', '3m²   480w ', '2,5m²   400w ', 'Verf', 'Sanitair', 'Laminaat', 'Tegels', ' Vloerverwarming', 'Installatie', 'Verwarming', 'Flex Bouwmaterialen ', 'ideal', 'banktransfer', 'mistercash', 'directebanking', 'maestro', 'mastercard', 'visa']",334,"goedkoopste radiator groothandel van Nederland, bouw materialen, laminaat en tegel handel,  FlexBouwmaterialen B.V. - Flex Bouwmaterialen ",Flex Bouwmaterialen B.V. is gespecialiseerd in de verkoop van bouwmaterialen & radiatoren.  wij zijn de goedkoopste radiator groothandelaar Nederland.  tevens z,None
39,jongeneel.nl,https://www.jongeneel.nl/producten/c/WEBSHOP,bouwmaterialen,82.48,2.0,10.0,891.0,5.0,0.0,0.0,40.0,0,NaN,67,Producten | Jongeneel,"Jongeneel is voor iedereen die bouwt of klust . Groot in hout, plaat en bouwmaterialen . 42 vestigingen . Vernieuwde webshop . Voor 13u besteld, morgen bezorgd",None
40,joostdevree.nl,https://www.joostdevree.nl/shtmls/bouwmaterialen.shtml,bouwmaterialen,82.48,0.0,0.0,34.0,4.0,13.0,1.0,7.0,5,"['None', 'None', 'None', 'None', 'None']",53,bouwmaterialen,bouwmaterialen,None
41,veldhovense.nl,https://www.veldhovense.nl/bouwmaterialen,bouwmaterialen,82.48,5.0,7.0,41.0,2.0,,,1.0,24,"['Veldhovense Bouwmaterialen BV', 'Ruwe bouwmaterialen', 'Materialen voor afbouw', 'Materialen voor isolatie', 'Wand- en vloertegels', 'Ruwe bouwmaterialen geel', ' Ruwe bouwmaterialen dakpannen', 'Ruwe bouwmaterialen gestapeld', 'Ruwe bouwmaterialen cement', 'Ruwe bouwmaterialen bakstenen', 'Ruwe bouwmaterialen rode baksteen', 'Ruwe bouwmaterialen tegels', 'Ruwe bouwmaterialen beton', 'Ruwe bouwmaterialen pakken', 'Ruwe bouwmaterialen ijzerwaren', 'Ruwe bouwmaterialen stoepstenen', 'Ruwe bouwmaterialen metselmortel', 'Afbouwmateriaal pakketten ', 'Afbouwmateriaal stuchulpmiddelen', 'Afbouwmateriaal stuken', 'Afbouwmateriaal gipsmortel', 'De merken bij Veldhovense Bouwmaterialen BV', 'Veldhovense Bouwmaterialen BV', 'Veldhovense Bouwmaterialen BV']",300,Alles voor uw klus - Veldhovense Bouwmaterialen,"Ruwe bouwmaterialen, afbouwmateriaal, isolatiemateriaal, of wand- en vloertegels nodig? Veldhovense Bouwmaterialen uit Veldhoven levert het allemaal.",None
42,hormes.nl,https://www.hormes.nl/bouwmaterialen/,bouwmaterialen,82.48,3.0,11.0,85.0,9.0,,,4.0,24,"['None', 'None', 'None', 'None', 'None', 'None', 'None', 'None', 'None', 'None', 'None', 'None', 'None', 'None', 'None', 'None', 'None', 'None', 'None', 'None', 'None', 'None', 'None', 'None']",601,Hormes Bouwmaterialen | Ruim aanbod in Bouwmaterialen ,Alle Bouwmaterialen voor de Bouwprofessional en Gevorderde klusser onder één dak. Bij Hormes vind je een ruim aanbod Bouwmaterialen.,None
43,houthandelonline.nl,https://www.houthandelonline.nl/bouwmaterialen,bouwmaterialen,82.48,4.0,15.0,374.0,6.0,14.0,99.0,617.0,61,"['Houthandel Online Logo', 'None', 'HouthandelOnline', 'HouthandelOnline', 'HouthandelOnline', 'HouthandelOnline', 'HouthandelOnline', 'HouthandelOnline', 'HouthandelOnline', 'HouthandelOnline', 'HouthandelOnline', 'HouthandelOnline', 'HouthandelOnline', 'HouthandelOnline', 'Subcategorie pagina', 'Categorie pagina', 'Subcategorie pagina', 'Categorie pagina', 'Subcategorie pagina', 'Categorie pagina', 'Subcategorie pagina', 'Categorie pagina', 'Subcategorie pagina', 'Categorie pagina', 'Subcategorie pagina', 'Categorie pagina', 'Subcategorie pagina', 'Categorie pagina', 'Kwaliteit', 'Groot assortiment', 'Lage prijzen', 'Persoonlijk advies', 'Veilig online betalen', 'Veilig online betalen', 'Veilig online betalen', 'Veilig online betalen', 'Veilig online betalen', 'Veilig online betalen', 'Veilig online betalen', 'Veilig online betalen', 'Veilig online betalen', 'Veilig online betalen', 'Veilig online betalen', 'Veilig online betalen', 'Veilig online betalen', 'Veilig online betalen', 'Facebook-icoon', 'Instagram-icoon', 'LinkedIn-icoon', 'YouTube-icoon', 'iDeal', 'MasterCard', 'Visa', 'Mister Cash', 'Overboeking', 'iDeal', 'MasterCard', 'Visa', 'Mister Cash', 'Overboeking', 'None']",42,Groot aanbod bouwmaterialen hout bij Houthandelonline,"Een uitgebreid aanbod aan bouwmaterialen vind je op Houthandelonline. Bijvoorbeeld dak-, isolatie en stukadoorsmaterialen. Ook verkopen wij gips en fermacell.",None
44,bpgdejonge.nl,https://www.bpgdejonge.nl/bouwmaterialen/,bouwmaterialen,82.48,1.0,0.0,0.0,0.0,,,651.0,0,[],9,Op zoek naar Bouwmaterialen? Topkwaliteit bij BPG de Jonge!,Bezoek onze bouwmaterialenhandel voor Bouwmaterialen. Uitstekende service en ruime openingstijden. Gevestigd in s-Heer Arendskerke / Zeeland.,None
45,pianoo.nl,https://www.pianoo.nl/nl/themas/maatschappelijk-verantwoord-inkopen/buyer-groups/buyer-group-biobased-bouwmaterialen,bouwmaterialen,82.48,5.0,13.0,624.0,5.0,90.0,25.0,9.0,2,"['Pianoo Logo', 'illustratieve afbeelding']",511,Buyer Group biobased bouwmaterialen  | PIANOo - Expertisecentrum Aanbesteden,"Wilt u met uw organisatie biobased bouwoplossingen toepassen of uitvragen en een voorbeeldrol vervullen als overheidsorganisatie of bedrijf? U wilt bijvoorbeeld circulair inkopen en zo min mogelijk CO₂-emissie veroorzaken. Of u wilt bijdragen aan de opschaling van kansrijke oplossingen, die zonder vraag maar moeilijk tot wasdom zullen komen. De buyer group biobased bouwmaterialen kan u hierbij ondersteunen.",None
46,ggoedkoop.nl,https://www.ggoedkoop.nl/,bouwmaterialen,82.48,6.0,9.0,61.0,14.0,110.0,44.0,14.0,23,"['None', 'None', 'None', 'None', 'None', 'None', 'None', 'None', 'None', 'None', 'None', 'None', 'Sakol Plaatmateriaal', 'Sakol Afbouwplaten', 'Sakol Tuinhout', 'Sakol Lijstwerk', 'Sakol Bouwfolie', 'None', 'None', 'None', 'None', 'None', 'None']",113,"Goedkoop Bouwmaterialen
",Goedkoop,None
47,xs4all.nl,https://berkela.home.xs4all.nl/materialisering/bouwmaterialen.html,bouwmaterialen,82.48,11.0,15.0,22.0,0.0,13.0,100.0,4229.0,5,"['None', 'klik hier om naar boven te gaan', 'klik hier om naar boven te gaan', 'home', 'None']",697,Bouwmaterialen algemeen: Bouwkundig detailleren - details bouwkunde.,"Bouwmaterialen algemeen, onderdeel van bouwkundige benadering van een architectonisch ontwerp middels detail uitgangspunten, bouwmethodiek en tekentechnieken bouwkunde.",None
48,change.inc,https://www.change.inc/circulaire-economie/serie-circulaire-economie-dichterbij-31999,bouwmaterialen,82.48,4.0,1.0,69.0,5.0,0.0,0.0,114.0,6,"['Zomerserie circulaire economie: Bouwmaterialen op basis van schimmels', 'Zomerserie circulaire economie: Bouwmaterialen op basis van schimmels', 'Meer details bekend over CO2-afvangwedstrijd van Elon Musk met prijzenpot van 100 miljoen', '“Circulariteit is niet één knopje; we moeten aan heel veel knoppen draaien”', 'CHANGE INC.', 'Circulair Textiel Lab: ""Opschalen van gerecycled textiel is essentieel voor toekomstbestendige kledingindustrie""']",1379,Zomercirculaire economie: Bouwmaterialen op basis van schimmels,"Natuurlijke bouwmaterialen, een nieuwe kijk op oude gebouwen en handel in grondstoffen; het zijn drie voorbeelden van essentiële initiatieven die de weg naar een circulaire economie vrijmaken. Elke week licht DuurzaamBedrijfsleven één van deze pioniers uit. De driedelige serie start met dit artikel over Biohm.",None
49,bouwman-denhaag.nl,https://www.bouwman-denhaag.nl/,bouwmaterialen,82.48,3.0,15.0,41.0,5.0,771.0,40.0,5.0,20,"['Bouwman Bouwmaterialen Den Haag', 'Bouwman Bouwmaterialen Den Haag', 'Bouwman Bouwmaterialen Den Haag', 'Bouwman Bouwmaterialen Den Haag', 'Bouwman Bouwmaterialen Den Haag', 'Bouwman Bouwmaterialen Den Haag', 'Rob Roberti', 'Arjuna Consultancy', 'edwin de lange', 'Big Al', 'Mark dgffhdgp Weber', 'Luciano640701 Vanderwal', 'Wouter De Haan', 'Eric pgn', 'Eric pgn', 'Eric pgn', 'dakmaterialen den haag', 'dakmaterialen den haag', 'dakmaterialen den haag', 'dakmaterialen den haag']",346,Home - Bouwman Bouwmaterialen Den Haag,"Bouwman's groothandel Bouwmaterialen biedt een ruim assortiment dakbedekking materiaal, loodgieters materiaal, pvc buizen en nog veel meer...",None
